plan_id,plan_name,metal,premium,medical_deductable_person,medical_deductable_family,drug_deductable_person,drug_deductable_family,combined_deductable_person,combined_deductable_family,max_out_of_pocket_person,max_out_of_pocket_family,has_out_of_network,is_hsa,primary_care_visit_to_treat_an_injury_or_illness,specialist_visit,preventive_care_screening_immunization,outpatient_rehabilitation_services,prosthetic_devices,chiropractic_care,inpatient_rehabilitation_services,durable_medical_equipment,outpatient_surgery_physician_surgical_services,home_health_care_services,outpatient_facility_fee,preferred_brand_drugs,non_preferred_brand_drugs,specialty_drugs,generic_drugs,prenatal_and_postnatal_care,well_baby_visits_and_care,gym_membership_reimbursement,major_dental_care_child,orthodontia_child,basic_dental_care_child,dental_check_up_for_children,mental_behavioral_health_inpatient_services,mental_behavioral_health_outpatient_services,substance_abuse_disorder_inpatient_services,substance_abuse_disorder_outpatient_services,routine_eye_exam_for_children,contact_lenses_for_children,eye_glasses_for_children,skilled_nursing_facility,delivery_and_all_inpatient_services_for_maternity_care,inpatient_hospital_services,inpatient_physician_and_surgical_services,transplant,autism_spectrum_disorders,chemotherapy,family_planning_services,urgent_care_centers_or_facilities,emergency_transportation_ambulance,emergency_room_services,x_rays_and_diagnostic_imaging,imaging,laboratory_outpatient_and_professional_services,acupuncture,telemedicine
29514,"CareConnect EPO Bronze ST INN Pediatric Dental Dep 25",Bronze,921.00,,,,,3500,7000,6850,13700,No,No,"50% Coinsurance after deductible","50% Coinsurance after deductible",$0,"50% Coinsurance after deductible","50% Coinsurance after deductible","50% Coinsurance after deductible","50% Coinsurance after deductible","50% Coinsurance after deductible","50% Coinsurance after deductible","50% Coinsurance after deductible","50% Coinsurance after deductible","$35 Copay after deductible","$70 Copay after deductible",,"$10 Copay after deductible",$0,$0,$0,"50% Coinsurance after deductible","50% Coinsurance after deductible","50% Coinsurance after deductible","50% Coinsurance after deductible","50% Coinsurance after deductible","50% Coinsurance after deductible","50% Coinsurance after deductible","50% Coinsurance after deductible","50% Coinsurance after deductible","50% Coinsurance after deductible","50% Coinsurance after deductible","50% Coinsurance after deductible","50% Coinsurance after deductible","50% Coinsurance after deductible","50% Coinsurance after deductible","50% Coinsurance after deductible","50% Coinsurance after deductible","50% Coinsurance after deductible",$0,"50% Coinsurance after deductible","50% Coinsurance after deductible","50% Coinsurance after deductible","50% Coinsurance after deductible","50% Coinsurance after deductible","50% Coinsurance after deductible",,
29532,"CareConnect EPO Gold ST INN Pediatric Dental Dep 25",Gold,1359.00,600,1200,,,,,4000,8000,No,No,"$25 Copay after deductible","$40 Copay after deductible",$0,"$30 Copay after deductible","20% Coinsurance after deductible","$40 Copay after deductible","$1000 Copay after deductible","20% Coinsurance after deductible","$100 Copay after deductible","$25 Copay after deductible","$100 Copay after deductible",$35,$70,,$10,$0,$0,$0,"$25 Copay after deductible","$25 Copay after deductible","$25 Copay after deductible","$25 Copay after deductible","$1000 Copay per Stay after deductible","$25 Copay after deductible","$1000 Copay per Stay after deductible","$25 Copay after deductible","$25 Copay after deductible","20% Coinsurance after deductible","20% Coinsurance after deductible","$1000 Copay per Stay after deductible","$1100 Copay after deductible","$1000 Copay per Stay after deductible","$100 Copay after deductible","$1100 Copay after deductible","$25 Copay after deductible","$25 Copay after deductible",$0,"$60 Copay after deductible","$150 Copay after deductible","$150 Copay after deductible","$40 Copay after deductible","$40 Copay after deductible","$40 Copay after deductible",,
29538,"CareConnect EPO Platinum ST INN Pediatric Dental Dep 25",Platinum,1590.00,0,0,,,,,2000,4000,No,No,$15,$35,$0,$25,10%,$35,$500,10%,$100,$15,$100,$30,$60,,$10,$0,$0,$0,$15,$15,$15,$15,"$500 Copay per Stay",$15,"$500 Copay per Stay",$15,$15,10%,10%,"$500 Copay per Stay",$600,"$500 Copay per Stay",$100,$600,$15,$15,$0,$55,$100,$100,$35,$35,$35,,
29550,"CareConnect EPO Platinum NS INN Pediatric Dental Dep 25 Acupuncture Low Rx",Platinum,1599.00,0,0,,,,,1000,2000,No,No,$30,$30,$0,$30,$200,$30,$500,$200,$0,$30,$200,$50,50%,,$10,$0,$0,$0,$200,$200,$30,$30,$500,$30,$500,$30,$30,10%,10%,"$500 Copay per Stay",$500,"$500 Copay per Stay",$0,$500,$30,$30,$0,$30,$100,$200,$30,$30,$30,$30,
29562,"CareConnect EPO Gold NS INN Pediatric Dental Dep 25 Acupuncture Low Rx",Gold,1385.00,1000,2000,,,,,3000,6000,No,No,$30,$50,$0,$30,"10% Coinsurance after deductible",$50,"10% Coinsurance after deductible","10% Coinsurance after deductible","10% Coinsurance after deductible",$30,"10% Coinsurance after deductible",$50,50%,,$10,$0,$0,$0,"10% Coinsurance after deductible","10% Coinsurance after deductible",$30,$30,"10% Coinsurance after deductible",$30,"10% Coinsurance after deductible",$30,$30,"10% Coinsurance after deductible","10% Coinsurance after deductible","10% Coinsurance after deductible","10% Coinsurance after deductible","10% Coinsurance after deductible","10% Coinsurance after deductible","10% Coinsurance after deductible",$30,$30,$0,$50,$100,$200,"10% Coinsurance after deductible","10% Coinsurance after deductible","10% Coinsurance after deductible",$50,
29580,"CareConnect EPO Silver NS INN Pediatric Dental Dep 25 Acupuncture Low Rx",Silver,1206.00,4000,8000,,,,,6600,13200,No,No,$40,$60,$0,$40,"20% Coinsurance after deductible",$60,"20% Coinsurance after deductible","20% Coinsurance after deductible",$100,$40,$350,$50,50%,,$10,$0,$0,$0,"20% Coinsurance after deductible","20% Coinsurance after deductible",$40,$40,"20% Coinsurance after deductible",$40,"20% Coinsurance after deductible",$40,$40,"20% Coinsurance after deductible","20% Coinsurance after deductible","20% Coinsurance after deductible","20% Coinsurance after deductible","20% Coinsurance after deductible",$100,"20% Coinsurance after deductible",$40,$40,$0,$60,$150,$350,$40,$60,$60,$60,
29592,"CareConnect EPO Bronze NS INN Pediatric Dental Dep 25 Acupuncture",Bronze,935.00,,,,,4450,8900,6450,12900,No,Yes,"30% Coinsurance after deductible","30% Coinsurance after deductible",$0,"30% Coinsurance after deductible","30% Coinsurance after deductible","30% Coinsurance after deductible","30% Coinsurance after deductible","30% Coinsurance after deductible","30% Coinsurance after deductible","30% Coinsurance after deductible","30% Coinsurance after deductible","$35 Copay after deductible","$75 Copay after deductible",,"$15 Copay after deductible",$0,$0,$0,"30% Coinsurance after deductible","30% Coinsurance after deductible","30% Coinsurance after deductible","30% Coinsurance after deductible","30% Coinsurance after deductible","30% Coinsurance after deductible","30% Coinsurance after deductible","30% Coinsurance after deductible","30% Coinsurance after deductible","30% Coinsurance after deductible","30% Coinsurance after deductible","30% Coinsurance after deductible","30% Coinsurance after deductible","30% Coinsurance after deductible","30% Coinsurance after deductible","30% Coinsurance after deductible","30% Coinsurance after deductible","30% Coinsurance after deductible",$0,"30% Coinsurance after deductible","30% Coinsurance after deductible","30% Coinsurance after deductible","30% Coinsurance after deductible","30% Coinsurance after deductible","30% Coinsurance after deductible","30% Coinsurance after deductible",
29598,"CareConnect EPO Platinum NS INN Dep 25 Acupuncture",Platinum,1476.00,,,,,1250,2500,1250,2500,No,No,"No Charge after deductible","No Charge after deductible",$0,"No Charge after deductible","No Charge after deductible","No Charge after deductible","No Charge after deductible","No Charge after deductible","No Charge after deductible","No Charge after deductible","No Charge after deductible","No Charge after deductible","No Charge after deductible",,$0,$0,$0,,,,,,"No Charge after deductible","No Charge after deductible","No Charge after deductible","No Charge after deductible","No Charge after deductible","No Charge after deductible","No Charge after deductible","No Charge after deductible","No Charge after deductible","No Charge after deductible","No Charge after deductible","No Charge after deductible","No Charge after deductible","No Charge after deductible","No Charge after deductible","No Charge after deductible","No Charge after deductible","No Charge after deductible","No Charge after deductible","No Charge after deductible","No Charge after deductible","No Charge after deductible",
29604,"CareConnect EPO Gold NS INN Dep 25 Acupuncture",Gold,1342.00,,,,,2250,4500,2250,4500,No,No,"No Charge after deductible","No Charge after deductible",$0,"No Charge after deductible","No Charge after deductible","No Charge after deductible","No Charge after deductible","No Charge after deductible","No Charge after deductible","No Charge after deductible","No Charge after deductible","No Charge after deductible","No Charge after deductible",,$0,$0,$0,,,,,,"No Charge after deductible","No Charge after deductible","No Charge after deductible","No Charge after deductible","No Charge after deductible","No Charge after deductible","No Charge after deductible","No Charge after deductible","No Charge after deductible","No Charge after deductible","No Charge after deductible","No Charge after deductible","No Charge after deductible","No Charge after deductible","No Charge after deductible","No Charge after deductible","No Charge after deductible","No Charge after deductible","No Charge after deductible","No Charge after deductible","No Charge after deductible","No Charge after deductible",
30669,"Select Care Platinum, Platinum, ST, INN, Dep25",Platinum,1850.36,0,0,0,,,,2000,4000,No,No,$15,$35,$0,$25,10%,$35,$500,10%,$100,$15,$100,$30,$60,,$10,$0,$0,$0,,,,,$500,$15,$500,$15,$15,10%,10%,"$500 Copay per Stay",$600,"$500 Copay per Stay",$100,$600,$15,$15,$0,$55,$100,$100,$35,$35,$35,,
30672,"Select Care Gold , Gold, ST, INN, Dep25",Gold,1565.73,600,1200,0,,,,4000,8000,No,No,"$25 Copay after deductible","$40 Copay after deductible",$0,"$30 Copay after deductible","20% Coinsurance after deductible","$40 Copay after deductible","$1000 Copay after deductible","20% Coinsurance after deductible","$100 Copay after deductible","$25 Copay after deductible","$100 Copay after deductible",$35,$70,,$10,$0,$0,$0,,,,,"$1000 Copay after deductible","$25 Copay after deductible","$1000 Copay after deductible","$25 Copay after deductible","$25 Copay after deductible","20% Coinsurance after deductible","20% Coinsurance after deductible","$1000 Copay per Stay after deductible","$1100 Copay after deductible","$1000 Copay per Stay after deductible","$100 Copay after deductible","$1100 Copay after deductible","$25 Copay after deductible","$25 Copay after deductible",$0,"$60 Copay after deductible","$150 Copay after deductible","$150 Copay after deductible","$40 Copay after deductible","$40 Copay after deductible","$40 Copay after deductible",,
30675,"Select Care Silver, Silver, ST, INN, Dep25",Silver,1290.39,2000,4000,0,,,,5500,11000,No,No,"$30 Copay after deductible","$50 Copay after deductible",$0,"$30 Copay after deductible","30% Coinsurance after deductible","$50 Copay after deductible","$1500 Copay after deductible","30% Coinsurance after deductible","$100 Copay after deductible","$30 Copay after deductible","$100 Copay after deductible",$35,$70,,$10,$0,$0,$0,,,,,"$1500 Copay after deductible","$30 Copay after deductible","$1500 Copay after deductible","$30 Copay after deductible","$30 Copay after deductible","30% Coinsurance after deductible","30% Coinsurance after deductible","$1500 Copay per Stay after deductible","$1600 Copay after deductible","$1500 Copay per Stay after deductible","$100 Copay after deductible","$1600 Copay after deductible","$30 Copay after deductible","$30 Copay after deductible",$0,"$70 Copay after deductible","$150 Copay after deductible","$150 Copay after deductible","$50 Copay after deductible","$50 Copay after deductible","$50 Copay after deductible",,
30681,"Select Care Bronze, Bronze, ST, INN, Dep25",Bronze,1105.43,,,,,3500,7000,6850,13700,No,No,"50% Coinsurance after deductible","50% Coinsurance after deductible",$0,"50% Coinsurance after deductible","50% Coinsurance after deductible","50% Coinsurance after deductible","50% Coinsurance after deductible","50% Coinsurance after deductible","50% Coinsurance after deductible","50% Coinsurance after deductible","50% Coinsurance after deductible","$35 Copay after deductible","$70 Copay after deductible",,"$10 Copay after deductible",$0,$0,$0,,,,,"50% Coinsurance after deductible","50% Coinsurance after deductible","50% Coinsurance after deductible","50% Coinsurance after deductible","50% Coinsurance after deductible","50% Coinsurance after deductible","50% Coinsurance after deductible","50% Coinsurance after deductible","50% Coinsurance after deductible","50% Coinsurance after deductible","50% Coinsurance after deductible","50% Coinsurance after deductible","50% Coinsurance after deductible","50% Coinsurance after deductible",$0,"50% Coinsurance after deductible","50% Coinsurance after deductible","50% Coinsurance after deductible","50% Coinsurance after deductible","50% Coinsurance after deductible","50% Coinsurance after deductible",,
31438,"UnitedHealthcare Compass Platinum ST INN Pediatric Dental Dep 25",Platinum,2204.96,,,,,0,0,2000,4000,No,No,$15,$35,$0,$25,10%,$35,$500,10%,$100,$15,$100,$30,$60,,$10,$0,$0,$0,$15,$15,$15,$15,"$500 Copay per Stay",$15,"$500 Copay per Stay",$15,$15,10%,10%,"$500 Copay per Stay",$600,"$500 Copay per Stay",$100,$600,$15,$15,$0,$55,$100,$100,$35,$35,$35,,
31444,"UnitedHealthcare Compass Gold ST INN Pediatric Dental Dep 25",Gold,1868.43,600,1200,0,0,,,4000,8000,No,No,"$25 Copay after deductible","$40 Copay after deductible",$0,"$30 Copay after deductible","20% Coinsurance after deductible","$40 Copay after deductible","$1000 Copay after deductible","20% Coinsurance after deductible","$100 Copay after deductible","$25 Copay after deductible","$100 Copay after deductible",$35,$70,,$10,$0,$0,$0,"$25 Copay after deductible","$25 Copay after deductible","$25 Copay after deductible","$25 Copay after deductible","$1000 Copay per Stay after deductible","$25 Copay after deductible","$1000 Copay per Stay after deductible","$25 Copay after deductible","$25 Copay after deductible","20% Coinsurance after deductible","20% Coinsurance after deductible","$1000 Copay per Stay after deductible","$1100 Copay after deductible","$1000 Copay per Stay after deductible","$100 Copay after deductible","$1100 Copay after deductible","$25 Copay after deductible","$25 Copay after deductible",$0,"$60 Copay after deductible","$150 Copay after deductible","$150 Copay after deductible","$40 Copay after deductible","$40 Copay after deductible","$40 Copay after deductible",,
31450,"UnitedHealthcare Compass Silver ST INN Pediatric Dental Dep 25",Silver,1582.87,2000,4000,0,0,,,5500,11000,No,No,"$30 Copay after deductible","$50 Copay after deductible",$0,"$30 Copay after deductible","30% Coinsurance after deductible","$50 Copay after deductible","$1500 Copay after deductible","30% Coinsurance after deductible","$100 Copay after deductible","$30 Copay after deductible","$100 Copay after deductible",$35,$70,,$10,$0,$0,$0,"$30 Copay after deductible","$30 Copay after deductible","$30 Copay after deductible","$30 Copay after deductible","$1500 Copay per Stay after deductible","$30 Copay after deductible","$1500 Copay per Stay after deductible","$30 Copay after deductible","$30 Copay after deductible","30% Coinsurance after deductible","30% Coinsurance after deductible","$1500 Copay per Stay after deductible","$1600 Copay after deductible","$1500 Copay per Stay after deductible","$100 Copay after deductible","$1600 Copay after deductible","$30 Copay after deductible","$30 Copay after deductible",$0,"$70 Copay after deductible","$150 Copay after deductible","$150 Copay after deductible","$50 Copay after deductible","$50 Copay after deductible","$50 Copay after deductible",,
31462,"UnitedHealthcare Compass Bronze ST INN Pediatric Dental Dep 25",Bronze,1289.80,,,,,3500,7000,6850,13700,No,No,"50% Coinsurance after deductible","50% Coinsurance after deductible",$0,"50% Coinsurance after deductible","50% Coinsurance after deductible","50% Coinsurance after deductible","50% Coinsurance after deductible","50% Coinsurance after deductible","50% Coinsurance after deductible","50% Coinsurance after deductible","50% Coinsurance after deductible",$35,$70,,$10,$0,$0,"50% Coinsurance after deductible","50% Coinsurance after deductible","50% Coinsurance after deductible","50% Coinsurance after deductible","50% Coinsurance after deductible","50% Coinsurance after deductible","50% Coinsurance after deductible","50% Coinsurance after deductible","50% Coinsurance after deductible","50% Coinsurance after deductible","50% Coinsurance after deductible","50% Coinsurance after deductible","50% Coinsurance after deductible","50% Coinsurance after deductible","50% Coinsurance after deductible","50% Coinsurance after deductible","50% Coinsurance after deductible","50% Coinsurance after deductible","50% Coinsurance after deductible",$0,"50% Coinsurance after deductible","50% Coinsurance after deductible","50% Coinsurance after deductible","50% Coinsurance after deductible","50% Coinsurance after deductible","50% Coinsurance after deductible",,
31485,"Fidelis Care Bronze ST INN Pediatric Dental Dep25",Bronze,924.68,,,,,3500,7000,6850,13700,No,No,"50% Coinsurance after deductible","50% Coinsurance after deductible",$0,"50% Coinsurance after deductible","50% Coinsurance after deductible","50% Coinsurance after deductible","50% Coinsurance after deductible","50% Coinsurance after deductible","50% Coinsurance after deductible","50% Coinsurance after deductible","50% Coinsurance after deductible","$35 Copay after deductible","$70 Copay after deductible",,"$10 Copay after deductible",$0,$0,$0,"50% Coinsurance after deductible","50% Coinsurance after deductible","50% Coinsurance after deductible","50% Coinsurance after deductible","50% Coinsurance after deductible","50% Coinsurance after deductible","50% Coinsurance after deductible","50% Coinsurance after deductible","50% Coinsurance after deductible","50% Coinsurance after deductible","50% Coinsurance after deductible","50% Coinsurance after deductible","50% Coinsurance after deductible","50% Coinsurance after deductible","50% Coinsurance after deductible","50% Coinsurance after deductible","50% Coinsurance after deductible","50% Coinsurance after deductible",$0,"50% Coinsurance after deductible","50% Coinsurance after deductible","50% Coinsurance after deductible","50% Coinsurance after deductible","50% Coinsurance after deductible","50% Coinsurance after deductible",,
31488,"Fidelis Care Silver ST INN Pediatric Dental Dep25",Silver,1162.91,2000,4000,,,,,5500,11000,No,No,"$30 Copay after deductible","$50 Copay after deductible",$0,"$30 Copay after deductible","30% Coinsurance after deductible","$50 Copay after deductible","$1500 Copay after deductible","30% Coinsurance after deductible","$100 Copay after deductible","$30 Copay after deductible","$100 Copay after deductible",$35,$70,,$10,$0,$0,,"$30 Copay after deductible","$30 Copay after deductible","$30 Copay after deductible","$30 Copay after deductible","$1500 Copay per Stay after deductible","$30 Copay after deductible","$1500 Copay per Stay after deductible","$30 Copay after deductible","$30 Copay after deductible","30% Coinsurance after deductible","30% Coinsurance after deductible","$1500 Copay per Stay after deductible","$1600 Copay after deductible","$1500 Copay per Stay after deductible","$100 Copay after deductible","$1600 Copay after deductible","$30 Copay after deductible","$30 Copay after deductible",$0,"$70 Copay after deductible","$150 Copay after deductible","$150 Copay after deductible","$50 Copay after deductible","$50 Copay after deductible","$50 Copay after deductible",,
31494,"Fidelis Care Gold ST INN Pediatric Dental Dep25",Gold,1424.52,600,1200,,,,,4000,8000,No,No,"$25 Copay after deductible","$40 Copay after deductible",$0,"$30 Copay after deductible","20% Coinsurance after deductible","$40 Copay after deductible","$1000 Copay after deductible","20% Coinsurance after deductible","$100 Copay after deductible","$25 Copay after deductible","$100 Copay after deductible",$35,$70,,$10,$0,$0,,"$25 Copay after deductible","$25 Copay after deductible","$25 Copay after deductible","$25 Copay after deductible","$1000 Copay per Stay after deductible","$25 Copay after deductible","$1000 Copay per Stay after deductible","$25 Copay after deductible","$25 Copay after deductible","20% Coinsurance after deductible","20% Coinsurance after deductible","$1000 Copay per Stay after deductible","$1100 Copay after deductible","$1000 Copay per Stay after deductible","$100 Copay after deductible","$1100 Copay after deductible","$25 Copay after deductible","$25 Copay after deductible",$0,"$60 Copay after deductible","$150 Copay after deductible","$150 Copay after deductible","$40 Copay after deductible","$40 Copay after deductible","$40 Copay after deductible",,
31497,"Fidelis Care Platinum ST INN Pediatric Dental Dep25",Platinum,1731.15,0,0,,,,,2000,4000,No,No,$15,$35,$0,$25,10%,$35,$500,10%,$100,$15,$100,$30,$60,,$10,$0,$0,,$15,$15,$15,$15,"$500 Copay per Stay",$15,"$500 Copay per Stay",$15,$15,10%,10%,"$500 Copay per Stay",$600,"$500 Copay per Stay",$100,$600,$15,$15,$0,$55,$100,$100,$35,$35,$35,,
31809,"AffinityAccess Platinum ST INN Pediatric Dental Dep25",Platinum,1567.01,,0,,0,,,,4000,No,No,$15,$35,$0,$25,10%,$35,$500,10%,$100,$15,$100,$30,$60,,$10,$0,$0,$0,$15,$15,$15,$15,$500,$15,$500,$15,$15,10%,10%,"$500 Copay per Stay",$600,"$500 Copay per Stay",$100,$600,$15,$15,$0,$55,$100,$100,$35,$35,$35,,
31812,"AffinityAccess Gold ST INN Pediatric Dental Dep25",Gold,1339.84,,1200,,0,,,,8000,No,No,"$25 Copay after deductible","$40 Copay after deductible",$0,"$30 Copay after deductible","20% Coinsurance after deductible","$40 Copay after deductible","$1000 Copay after deductible","20% Coinsurance after deductible","$100 Copay after deductible","$25 Copay after deductible","$100 Copay after deductible","$35 Copay after deductible","$70 Copay after deductible",,"$10 Copay after deductible",$0,$0,$0,"$25 Copay after deductible","$25 Copay after deductible","$25 Copay after deductible","$25 Copay after deductible","$1000 Copay after deductible","$25 Copay after deductible","$1000 Copay after deductible","$25 Copay after deductible","$25 Copay after deductible","20% Coinsurance after deductible","20% Coinsurance after deductible","$1000 Copay per Stay after deductible","$1100 Copay after deductible","$1000 Copay per Stay after deductible","$100 Copay after deductible","$1100 Copay after deductible","$25 Copay after deductible","$25 Copay after deductible",$0,"$60 Copay after deductible","$150 Copay after deductible","$150 Copay after deductible","$40 Copay after deductible","$40 Copay after deductible","$40 Copay after deductible",,
31815,"AffinityAccess Silver ST INN Pediatric Dental Dep25",Silver,1126.51,,4000,,0,,,,11000,No,No,"$30 Copay after deductible","$50 Copay after deductible",$0,"$30 Copay after deductible","30% Coinsurance after deductible","$50 Copay after deductible","$1500 Copay after deductible","30% Coinsurance after deductible","$100 Copay after deductible","$30 Copay after deductible","$100 Copay after deductible","$35 Copay after deductible","$70 Copay after deductible",,"$10 Copay after deductible",$0,$0,$0,"$30 Copay after deductible","$30 Copay after deductible","$30 Copay after deductible","$30 Copay after deductible","$1500 Copay after deductible","$30 Copay after deductible","$1500 Copay after deductible","$30 Copay after deductible","$30 Copay after deductible","30% Coinsurance after deductible","30% Coinsurance after deductible","$1500 Copay per Stay after deductible","$1600 Copay after deductible","$1500 Copay per Stay after deductible","$100 Copay after deductible","$1600 Copay after deductible","$30 Copay after deductible","$30 Copay after deductible",$0,"$70 Copay after deductible","$150 Copay after deductible","$150 Copay after deductible","$50 Copay after deductible","$50 Copay after deductible","$50 Copay after deductible",,
31821,"AffinityAccess Bronze ST INN Pediatric Dental Dep25",Bronze,946.84,,,,,,7000,,13700,No,No,"50% Coinsurance after deductible","50% Coinsurance after deductible",$0,"50% Coinsurance after deductible","50% Coinsurance after deductible","50% Coinsurance after deductible","50% Coinsurance after deductible","50% Coinsurance after deductible","50% Coinsurance after deductible","50% Coinsurance after deductible","50% Coinsurance after deductible","$35 Copay after deductible","$70 Copay after deductible",,"$10 Copay after deductible",$0,$0,$0,"50% Coinsurance after deductible","50% Coinsurance after deductible","50% Coinsurance after deductible","50% Coinsurance after deductible","50% Coinsurance after deductible","50% Coinsurance after deductible","50% Coinsurance after deductible","50% Coinsurance after deductible","50% Coinsurance after deductible","50% Coinsurance after deductible","50% Coinsurance after deductible","50% Coinsurance after deductible","50% Coinsurance after deductible","50% Coinsurance after deductible","50% Coinsurance after deductible","50% Coinsurance after deductible","50% Coinsurance after deductible","50% Coinsurance after deductible",$0,"50% Coinsurance after deductible","50% Coinsurance after deductible","50% Coinsurance after deductible","50% Coinsurance after deductible","50% Coinsurance after deductible","50% Coinsurance after deductible",,
31855,"AffinityAccess Platinum ST INN Dep25",Platinum,1564.88,,0,,0,,,,4000,No,No,$15,$35,$0,$25,10%,$35,$500,10%,$100,$15,$100,$30,$60,,$10,$0,$0,$0,,,,,$500,$15,$500,$15,$15,10%,10%,"$500 Copay per Stay",$600,"$500 Copay per Stay",$100,$600,$15,$15,$0,$55,$100,$100,$35,$35,$35,,
31858,"AffinityAccess Gold ST INN Dep25",Gold,1337.90,,1200,,0,,,,8000,No,No,"$25 Copay after deductible","$40 Copay after deductible",$0,"$30 Copay after deductible","20% Coinsurance after deductible","$40 Copay after deductible","$1000 Copay after deductible","20% Coinsurance after deductible","$100 Copay after deductible","$25 Copay after deductible","$100 Copay after deductible","$35 Copay after deductible","$70 Copay after deductible",,"$10 Copay after deductible",$0,$0,$0,,,,,"$1000 Copay after deductible","$25 Copay after deductible","$1000 Copay after deductible","$25 Copay after deductible","$25 Copay after deductible","20% Coinsurance after deductible","20% Coinsurance after deductible","$1000 Copay per Stay after deductible","$1100 Copay after deductible","$1000 Copay per Stay after deductible","$100 Copay after deductible","$1100 Copay after deductible","$25 Copay after deductible","$25 Copay after deductible",$0,"$60 Copay after deductible","$150 Copay after deductible","$150 Copay after deductible","$40 Copay after deductible","$40 Copay after deductible","$40 Copay after deductible",,
31861,"AffinityAccess Silver ST INN Dep25",Silver,1124.98,,4000,,0,,,,11000,No,No,"$30 Copay after deductible","$50 Copay after deductible",$0,"$30 Copay after deductible","30% Coinsurance after deductible","$50 Copay after deductible","$1500 Copay after deductible","30% Coinsurance after deductible","$100 Copay after deductible","$30 Copay after deductible","$100 Copay after deductible","$35 Copay after deductible","$70 Copay after deductible",,"$10 Copay after deductible",$0,$0,$0,,,,,"$1500 Copay after deductible","$30 Copay after deductible","$1500 Copay after deductible","$30 Copay after deductible","$30 Copay after deductible","30% Coinsurance after deductible","30% Coinsurance after deductible","$1500 Copay per Stay after deductible","$1600 Copay after deductible","$1500 Copay per Stay after deductible","$100 Copay after deductible","$1600 Copay after deductible","$30 Copay after deductible","$30 Copay after deductible",$0,"$70 Copay after deductible","$150 Copay after deductible","$150 Copay after deductible","$50 Copay after deductible","$50 Copay after deductible","$50 Copay after deductible",,
31867,"AffinityAccess Bronze ST INN Dep25",Bronze,946.10,,,,,,7000,,13700,No,No,"50% Coinsurance after deductible","50% Coinsurance after deductible",$0,"50% Coinsurance after deductible","50% Coinsurance after deductible","50% Coinsurance after deductible","50% Coinsurance after deductible","50% Coinsurance after deductible","50% Coinsurance after deductible","50% Coinsurance after deductible","50% Coinsurance after deductible","$35 Copay after deductible","$70 Copay after deductible",,"$10 Copay after deductible",$0,$0,$0,,,,,"50% Coinsurance after deductible","50% Coinsurance after deductible","50% Coinsurance after deductible","50% Coinsurance after deductible","50% Coinsurance after deductible","50% Coinsurance after deductible","50% Coinsurance after deductible","50% Coinsurance after deductible","50% Coinsurance after deductible","50% Coinsurance after deductible","50% Coinsurance after deductible","50% Coinsurance after deductible","50% Coinsurance after deductible","50% Coinsurance after deductible",$0,"50% Coinsurance after deductible","50% Coinsurance after deductible","50% Coinsurance after deductible","50% Coinsurance after deductible","50% Coinsurance after deductible","50% Coinsurance after deductible",,
31901,"AffinityAccess 2.0 Platinum NS INN Pediatric Dental Dep25, Adult Dental Clng Exams Whtng, Vsn Exam",Platinum,1605.78,,0,,0,,,,4000,No,No,$15,$35,$0,$25,10%,$35,$500,10%,$100,$15,$100,$30,$60,,$10,$0,$0,$0,$15,$15,$15,$15,$500,$15,$500,$15,$15,10%,10%,"$500 Copay per Stay",$600,"$500 Copay per Stay",$100,$600,$15,$15,$0,$55,$100,$100,$35,$35,$35,,
31904,"AffinityAccess 2.0 Gold NS INN Pediatric Dental Dep25, Adult Dental Clng Exams Whtng, Vision Exam",Gold,1378.60,,1200,,0,,,,8000,No,No,"$25 Copay after deductible","$40 Copay after deductible",$0,"$30 Copay after deductible","20% Coinsurance after deductible","$40 Copay after deductible","$1000 Copay after deductible","20% Coinsurance after deductible","$100 Copay after deductible","$25 Copay after deductible","$100 Copay after deductible","$35 Copay after deductible","$70 Copay after deductible",,"$10 Copay after deductible",$0,$0,$0,"$25 Copay after deductible","$25 Copay after deductible","$25 Copay after deductible","$25 Copay after deductible","$1000 Copay after deductible","$25 Copay after deductible","$1000 Copay after deductible","$25 Copay after deductible","$25 Copay after deductible","20% Coinsurance after deductible","20% Coinsurance after deductible","$1000 Copay per Stay after deductible","$1100 Copay after deductible","$1000 Copay per Stay after deductible","$100 Copay after deductible","$1100 Copay after deductible","$25 Copay after deductible","$25 Copay after deductible",$0,"$60 Copay after deductible","$150 Copay after deductible","$150 Copay after deductible","$40 Copay after deductible","$40 Copay after deductible","$40 Copay after deductible",,
31907,"AffinityAccess 2.0 Silver NS INN Pediatric Dental Dep25, Adult Dental Clng Exams Whtng, Vision Exam",Silver,1165.31,,4000,,0,,,,11000,No,No,"$30 Copay after deductible","$50 Copay after deductible",$0,"$30 Copay after deductible","30% Coinsurance after deductible","$50 Copay after deductible","$1500 Copay after deductible","30% Coinsurance after deductible","$100 Copay after deductible","$30 Copay after deductible","$100 Copay after deductible","$35 Copay after deductible","$70 Copay after deductible",,"$10 Copay after deductible",$0,$0,$0,"$30 Copay after deductible","$30 Copay after deductible","$30 Copay after deductible","$30 Copay after deductible","$1500 Copay after deductible","$30 Copay after deductible","$1500 Copay after deductible","$30 Copay after deductible","$30 Copay after deductible","30% Coinsurance after deductible","30% Coinsurance after deductible","$1500 Copay per Stay after deductible","$1600 Copay after deductible","$1500 Copay per Stay after deductible","$100 Copay after deductible","$1600 Copay after deductible","$30 Copay after deductible","$30 Copay after deductible",$0,"$70 Copay after deductible","$150 Copay after deductible","$150 Copay after deductible","$50 Copay after deductible","$50 Copay after deductible","$50 Copay after deductible",,
31913,"AffinityAccess 2.0 Bronze NS INN Pediatric Dental Dep25, Adult Dental Clng Exams Whtng, Vision Exam",Bronze,942.63,,,,,,13700,,13700,No,No,"0% Coinsurance after deductible","0% Coinsurance after deductible",$0,"0% Coinsurance after deductible","0% Coinsurance after deductible","0% Coinsurance after deductible","0% Coinsurance after deductible","0% Coinsurance after deductible","0% Coinsurance after deductible","0% Coinsurance after deductible","0% Coinsurance after deductible","0% Coinsurance after deductible","0% Coinsurance after deductible","0% Coinsurance after deductible","0% Coinsurance after deductible","0% Coinsurance after deductible",$0,"0% Coinsurance after deductible","0% Coinsurance after deductible","0% Coinsurance after deductible","0% Coinsurance after deductible","0% Coinsurance after deductible","0% Coinsurance after deductible","0% Coinsurance after deductible","0% Coinsurance after deductible","0% Coinsurance after deductible","0% Coinsurance after deductible","0% Coinsurance after deductible","0% Coinsurance after deductible","0% Coinsurance after deductible","0% Coinsurance after deductible","0% Coinsurance after deductible","0% Coinsurance after deductible","0% Coinsurance after deductible","0% Coinsurance after deductible","0% Coinsurance after deductible","0% Coinsurance after deductible","0% Coinsurance after deductible","0% Coinsurance after deductible","0% Coinsurance after deductible","0% Coinsurance after deductible","0% Coinsurance after deductible","0% Coinsurance after deductible",,
31931,"AffinityAccess 2.0 Platinum NS INN Dep25, Adult Dental Cleaning Exams Whitening, Adult Vision Exam",Platinum,1603.64,,0,,0,,,,4000,No,No,$15,$35,$0,$25,10%,$35,$500,10%,$100,$15,$100,$30,$60,,$10,$0,$0,$0,,,,,$500,$15,$500,$15,$15,10%,10%,"$500 Copay per Stay",$600,"$500 Copay per Stay",$100,$600,$15,$15,$0,$55,$100,$100,$35,$35,$35,,
31934,"AffinityAccess 2.0 Gold NS INN Dep25, Adult Dental Cleaning Exams Whitening, Adult Vision Exam",Gold,1376.70,,1200,,0,,,,8000,No,No,"$25 Copay after deductible","$40 Copay after deductible",$0,"$30 Copay after deductible","20% Coinsurance after deductible","$40 Copay after deductible","$1000 Copay after deductible","20% Coinsurance after deductible","$100 Copay after deductible","$25 Copay after deductible","$100 Copay after deductible","$35 Copay after deductible","$70 Copay after deductible",,"$10 Copay after deductible",$0,$0,$0,,,,,"$1000 Copay after deductible","$25 Copay after deductible","$1000 Copay after deductible","$25 Copay after deductible","$25 Copay after deductible","20% Coinsurance after deductible","20% Coinsurance after deductible","$1000 Copay per Stay after deductible","$1100 Copay after deductible","$1000 Copay per Stay after deductible","$100 Copay after deductible","$1100 Copay after deductible","$25 Copay after deductible","$25 Copay after deductible",$0,"$60 Copay after deductible","$150 Copay after deductible","$150 Copay after deductible","$40 Copay after deductible","$40 Copay after deductible","$40 Copay after deductible",,
31937,"AffinityAccess 2.0 Silver NS INN Dep25, Adult Dental Cleaning Exams Whitening, Adult Vision Exam",Silver,1163.77,,4000,,0,,,,11000,No,No,"$30 Copay after deductible","$50 Copay after deductible",$0,"$30 Copay after deductible","30% Coinsurance after deductible","$50 Copay after deductible","$1500 Copay after deductible","30% Coinsurance after deductible","$100 Copay after deductible","$30 Copay after deductible","$100 Copay after deductible","$35 Copay after deductible","$70 Copay after deductible",,"$10 Copay after deductible",$0,$0,$0,,,,,"$1500 Copay after deductible","$30 Copay after deductible","$1500 Copay after deductible","$30 Copay after deductible","$30 Copay after deductible","30% Coinsurance after deductible","30% Coinsurance after deductible","$1500 Copay per Stay after deductible","$1600 Copay after deductible","$1500 Copay per Stay after deductible","$100 Copay after deductible","$1600 Copay after deductible","$30 Copay after deductible","$30 Copay after deductible",$0,"$70 Copay after deductible","$150 Copay after deductible","$150 Copay after deductible","$50 Copay after deductible","$50 Copay after deductible","$50 Copay after deductible",,
31943,"AffinityAccess 2.0 Bronze NS INN Dep25, Adult Dental Cleaning Exams Whitening, Adult Vision Exam",Bronze,941.89,,,,,,13700,,13700,No,No,"0% Coinsurance after deductible","0% Coinsurance after deductible",$0,"0% Coinsurance after deductible","0% Coinsurance after deductible","0% Coinsurance after deductible","0% Coinsurance after deductible","0% Coinsurance after deductible","0% Coinsurance after deductible","0% Coinsurance after deductible","0% Coinsurance after deductible","0% Coinsurance after deductible","0% Coinsurance after deductible","0% Coinsurance after deductible","0% Coinsurance after deductible","0% Coinsurance after deductible",$0,"0% Coinsurance after deductible",,,,,"0% Coinsurance after deductible","0% Coinsurance after deductible","0% Coinsurance after deductible","0% Coinsurance after deductible","0% Coinsurance after deductible","0% Coinsurance after deductible","0% Coinsurance after deductible","0% Coinsurance after deductible","0% Coinsurance after deductible","0% Coinsurance after deductible","0% Coinsurance after deductible","0% Coinsurance after deductible","0% Coinsurance after deductible","0% Coinsurance after deductible","0% Coinsurance after deductible","0% Coinsurance after deductible","0% Coinsurance after deductible","0% Coinsurance after deductible","0% Coinsurance after deductible","0% Coinsurance after deductible","0% Coinsurance after deductible",,
32069,"MVP Premier Platinum ST INN Dep25",Platinum,1901.12,0,0,0,0,,,2000,4000,No,No,$15,$35,$0,$25,10%,$35,$500,10%,$100,$15,$100,$30,$60,,$10,$0,$0,,,,,,"$500 Copay per Stay",$15,"$500 Copay per Stay",$15,$15,10%,10%,"$500 Copay per Stay",$600,"$500 Copay per Stay",$100,$600,$15,$15,$0,$55,$100,$100,$35,$35,$35,,
32090,"MVP Premier Plus Silver 1 NS INN Dep25",Silver,1388.49,1500,3000,0,0,,,6500,13000,No,No,$30,"$50 Copay after deductible",$0,"$50 Copay after deductible","50% Coinsurance after deductible","$50 Copay after deductible","20% Coinsurance after deductible","50% Coinsurance after deductible","$200 Copay after deductible","$50 Copay after deductible","$300 Copay after deductible",$35,$70,,$8,$0,$0,,,,,,"20% Coinsurance after deductible",$30,"20% Coinsurance after deductible",$30,"$50 Copay after deductible","50% Coinsurance after deductible","50% Coinsurance after deductible","20% Coinsurance after deductible","20% Coinsurance after deductible","20% Coinsurance after deductible","20% Coinsurance after deductible","20% Coinsurance after deductible","$50 Copay after deductible","$50 Copay after deductible",$0,"$50 Copay after deductible","$350 Copay after deductible","$350 Copay after deductible","$125 Copay after deductible","$225 Copay after deductible",$50,"50% Coinsurance after deductible",
32096,"MVP Premier Plus Silver 2 NS INN Dep25",Silver,1229.97,,,,,3000,6000,6850,13700,No,No,$40,"$70 Copay after deductible",$0,"$70 Copay after deductible","50% Coinsurance after deductible","$70 Copay after deductible","20% Coinsurance after deductible","50% Coinsurance after deductible","$200 Copay after deductible","$50 Copay after deductible","$200 Copay after deductible","$40 Copay after deductible","$70 Copay after deductible",,"$15 Copay after deductible",$0,$0,,,,,,"20% Coinsurance after deductible",$40,"20% Coinsurance after deductible",$40,"$70 Copay after deductible","50% Coinsurance after deductible","50% Coinsurance after deductible","20% Coinsurance after deductible","20% Coinsurance after deductible","20% Coinsurance after deductible","20% Coinsurance after deductible","20% Coinsurance after deductible","$70 Copay after deductible","$70 Copay after deductible",$0,$70,$500,$500,"$125 Copay after deductible","$225 Copay after deductible",$70,"50% Coinsurance after deductible",
32984,"CareConnect EPO Silver ST INN Pediatric Dental Dep 25",Silver,1163.00,2000,4000,,,,,5500,11000,No,No,"$30 Copay after deductible","$50 Copay after deductible",$0,"$30 Copay after deductible","30% Coinsurance after deductible","$50 Copay after deductible","$1500 Copay after deductible","30% Coinsurance after deductible","$100 Copay after deductible","$30 Copay after deductible","$100 Copay after deductible",$35,$70,,$10,$0,$0,$0,"$30 Copay after deductible","$30 Copay after deductible","$30 Copay after deductible","$30 Copay after deductible","$1500 Copay per Stay after deductible","$30 Copay after deductible","$1500 Copay per Stay after deductible","$30 Copay after deductible","$30 Copay after deductible","30% Coinsurance after deductible","30% Coinsurance after deductible","$1500 Copay per Stay after deductible","$1600 Copay after deductible","$1500 Copay per Stay after deductible","$100 Copay after deductible","$1600 Copay after deductible","$30 Copay after deductible","$30 Copay after deductible",$0,"$70 Copay after deductible","$150 Copay after deductible","$150 Copay after deductible","$50 Copay after deductible","$50 Copay after deductible","$50 Copay after deductible",,
32996,"CareConnect EPO Platinum NS INN Pediatric Dental Dep 25 Acupuncture High Rx",Platinum,1622.00,0,0,100,300,,,1000,2000,No,No,$30,$30,$0,$30,$200,$30,$500,$200,$0,$30,$200,"$35 Copay after deductible","$75 Copay after deductible",,$15,$0,$0,$0,$200,$200,$30,$30,$500,$30,$500,$30,$30,10%,10%,"$500 Copay per Stay",$500,"$500 Copay per Stay",$0,$500,$30,$30,$0,$30,$100,$200,$30,$30,$30,$30,
33002,"CareConnect EPO Gold NS INN Pediatric Dental Dep 25 Acupuncture High Rx",Gold,1408.00,1000,2000,100,300,,,3000,6000,No,No,$30,$50,$0,$30,"10% Coinsurance after deductible",$50,"10% Coinsurance after deductible","10% Coinsurance after deductible","10% Coinsurance after deductible",$30,"10% Coinsurance after deductible","$35 Copay after deductible","$75 Copay after deductible",,$15,$0,$0,$0,"10% Coinsurance after deductible","10% Coinsurance after deductible",$30,$30,"10% Coinsurance after deductible",$30,"10% Coinsurance after deductible",$30,$30,"10% Coinsurance after deductible","10% Coinsurance after deductible","10% Coinsurance after deductible","10% Coinsurance after deductible","10% Coinsurance after deductible","10% Coinsurance after deductible","10% Coinsurance after deductible",$30,$30,$0,$50,$100,$200,"10% Coinsurance after deductible","10% Coinsurance after deductible","10% Coinsurance after deductible",$50,
33008,"CareConnect EPO Silver NS INN Pediatric Dental Dep 25 Acupuncture High Rx",Silver,1231.00,4000,8000,100,300,,,6600,13200,No,No,$40,$60,$0,$40,"20% Coinsurance after deductible",$60,"20% Coinsurance after deductible","20% Coinsurance after deductible",$100,$40,$350,"$35 Copay after deductible","$75 Copay after deductible",,$15,$0,$0,$0,"20% Coinsurance after deductible","20% Coinsurance after deductible",$40,$40,"20% Coinsurance after deductible",$40,"20% Coinsurance after deductible",$40,$40,"20% Coinsurance after deductible","20% Coinsurance after deductible","20% Coinsurance after deductible","20% Coinsurance after deductible","20% Coinsurance after deductible",$100,"20% Coinsurance after deductible",$40,$40,$0,$60,$150,$350,$40,$60,$60,$60,
33020,"CareConnect EPO Silver NS INN Dep 25 Acupuncture",Silver,1043.00,,,,,3000,6000,6850,13700,No,No,"25% Coinsurance after deductible","25% Coinsurance after deductible",$0,"25% Coinsurance after deductible","25% Coinsurance after deductible","25% Coinsurance after deductible","25% Coinsurance after deductible","25% Coinsurance after deductible","25% Coinsurance after deductible","25% Coinsurance after deductible","25% Coinsurance after deductible","25% Coinsurance after deductible","25% Coinsurance after deductible",,$0,$0,$0,,,,,,"25% Coinsurance after deductible","25% Coinsurance after deductible","25% Coinsurance after deductible","25% Coinsurance after deductible","25% Coinsurance after deductible","25% Coinsurance after deductible","25% Coinsurance after deductible","25% Coinsurance after deductible","25% Coinsurance after deductible","25% Coinsurance after deductible","25% Coinsurance after deductible","25% Coinsurance after deductible","25% Coinsurance after deductible","25% Coinsurance after deductible","25% Coinsurance after deductible","25% Coinsurance after deductible","25% Coinsurance after deductible","25% Coinsurance after deductible","25% Coinsurance after deductible","25% Coinsurance after deductible","25% Coinsurance after deductible","25% Coinsurance after deductible",
33032,"CareConnect EPO Bronze HSA ST INN Pediatric Dental Dep 25",Bronze,943.00,,,,,4000,8000,6450,12900,No,Yes,"50% Coinsurance after deductible","50% Coinsurance after deductible",$0,"50% Coinsurance after deductible","50% Coinsurance after deductible","50% Coinsurance after deductible","50% Coinsurance after deductible","50% Coinsurance after deductible","50% Coinsurance after deductible","50% Coinsurance after deductible","50% Coinsurance after deductible","$35 Copay after deductible","$70 Copay after deductible",,"$10 Copay after deductible",$0,$0,$0,"50% Coinsurance after deductible","50% Coinsurance after deductible","50% Coinsurance after deductible","50% Coinsurance after deductible","50% Coinsurance after deductible","50% Coinsurance after deductible","50% Coinsurance after deductible","50% Coinsurance after deductible","50% Coinsurance after deductible","50% Coinsurance after deductible","50% Coinsurance after deductible","50% Coinsurance after deductible","50% Coinsurance after deductible","50% Coinsurance after deductible","50% Coinsurance after deductible","50% Coinsurance after deductible","50% Coinsurance after deductible","50% Coinsurance after deductible",$0,"50% Coinsurance after deductible","50% Coinsurance after deductible","50% Coinsurance after deductible","50% Coinsurance after deductible","50% Coinsurance after deductible","50% Coinsurance after deductible",,
33038,"MVP Premier HDHP Bronze 1 ST INN Dep25",Bronze,1111.10,,,,,4000,8000,6450,12900,No,Yes,"50% Coinsurance after deductible","50% Coinsurance after deductible",$0,"50% Coinsurance after deductible","50% Coinsurance after deductible","50% Coinsurance after deductible","50% Coinsurance after deductible","50% Coinsurance after deductible","50% Coinsurance after deductible","50% Coinsurance after deductible","50% Coinsurance after deductible","$35 Copay after deductible","$70 Copay after deductible",,"$10 Copay after deductible",$0,$0,,,,,,"50% Coinsurance after deductible","50% Coinsurance after deductible","50% Coinsurance after deductible","50% Coinsurance after deductible","50% Coinsurance after deductible","50% Coinsurance after deductible","50% Coinsurance after deductible","50% Coinsurance after deductible","50% Coinsurance after deductible","50% Coinsurance after deductible","50% Coinsurance after deductible","50% Coinsurance after deductible","50% Coinsurance after deductible","50% Coinsurance after deductible",$0,"50% Coinsurance after deductible","50% Coinsurance after deductible","50% Coinsurance after deductible","50% Coinsurance after deductible","50% Coinsurance after deductible","50% Coinsurance after deductible",,
33044,"MVP Premier Silver ST INN Dep25",Silver,1389.72,2000,4000,0,0,,,5500,11000,No,No,"$30 Copay after deductible","$50 Copay after deductible",$0,"$30 Copay after deductible","30% Coinsurance after deductible","$50 Copay after deductible","$1500 Copay after deductible","30% Coinsurance after deductible","$100 Copay after deductible","$30 Copay after deductible","$100 Copay after deductible",$35,$70,,$10,$0,$0,,,,,,"$1500 Copay per Stay after deductible","$30 Copay after deductible","$1500 Copay per Stay after deductible","$30 Copay after deductible","$30 Copay after deductible","30% Coinsurance after deductible","30% Coinsurance after deductible","$1500 Copay per Stay after deductible","$1600 Copay after deductible","$1500 Copay per Stay after deductible","$100 Copay after deductible","$1600 Copay after deductible","$30 Copay after deductible","$30 Copay after deductible",$0,"$70 Copay after deductible","$150 Copay after deductible","$150 Copay after deductible","$50 Copay after deductible","$50 Copay after deductible","$50 Copay after deductible",,
33056,"MVP Premier Gold ST INN Dep25",Gold,1633.82,600,1200,0,0,,,4000,8000,No,No,"$25 Copay after deductible","$40 Copay after deductible",$0,"$30 Copay after deductible","20% Coinsurance after deductible","$40 Copay after deductible","$1000 Copay after deductible","20% Coinsurance after deductible","$100 Copay after deductible","$25 Copay after deductible","$100 Copay after deductible",$35,$70,,$10,$0,$0,,,,,,"$1000 Copay per Stay after deductible","$25 Copay after deductible","$1000 Copay per Stay after deductible","$25 Copay after deductible","$25 Copay after deductible","20% Coinsurance after deductible","20% Coinsurance after deductible","$1000 Copay per Stay after deductible","$1100 Copay after deductible","$1000 Copay per Stay after deductible","$100 Copay after deductible","$1100 Copay after deductible","$25 Copay after deductible","$25 Copay after deductible",$0,"$60 Copay after deductible","$150 Copay after deductible","$150 Copay after deductible","$40 Copay after deductible","$40 Copay after deductible","$40 Copay after deductible",,
33062,"MVP Premier Bronze 2 ST INN Dep25",Bronze,1088.87,,,,,3500,7000,6850,13700,No,No,"50% Coinsurance after deductible","50% Coinsurance after deductible",$0,"50% Coinsurance after deductible","50% Coinsurance after deductible","50% Coinsurance after deductible","50% Coinsurance after deductible","50% Coinsurance after deductible","50% Coinsurance after deductible","50% Coinsurance after deductible","50% Coinsurance after deductible","$35 Copay after deductible","$70 Copay after deductible",,"$10 Copay after deductible",$0,$0,,,,,,"50% Coinsurance after deductible","50% Coinsurance after deductible","50% Coinsurance after deductible","50% Coinsurance after deductible","50% Coinsurance after deductible","50% Coinsurance after deductible","50% Coinsurance after deductible","50% Coinsurance after deductible","50% Coinsurance after deductible","50% Coinsurance after deductible","50% Coinsurance after deductible","50% Coinsurance after deductible","50% Coinsurance after deductible","50% Coinsurance after deductible",$0,"50% Coinsurance after deductible","50% Coinsurance after deductible","50% Coinsurance after deductible","50% Coinsurance after deductible","50% Coinsurance after deductible","50% Coinsurance after deductible",,
33080,"MVP Premier Plus Bronze 2 NS INN Dep25",Bronze,1051.96,,,,,4500,9000,6850,13700,No,No,"40% Coinsurance after deductible","40% Coinsurance after deductible",$0,"40% Coinsurance after deductible","50% Coinsurance after deductible","40% Coinsurance after deductible","40% Coinsurance after deductible","50% Coinsurance after deductible","40% Coinsurance after deductible","40% Coinsurance after deductible","40% Coinsurance after deductible","$60 Copay after deductible","$80 Copay after deductible",,"$5 Copay after deductible",$0,$0,,,,,,"40% Coinsurance after deductible","40% Coinsurance after deductible","40% Coinsurance after deductible","40% Coinsurance after deductible","40% Coinsurance after deductible","50% Coinsurance after deductible","50% Coinsurance after deductible","40% Coinsurance after deductible","40% Coinsurance after deductible","40% Coinsurance after deductible","40% Coinsurance after deductible","40% Coinsurance after deductible","40% Coinsurance after deductible","40% Coinsurance after deductible",$0,"40% Coinsurance after deductible","40% Coinsurance after deductible","40% Coinsurance after deductible","40% Coinsurance after deductible","40% Coinsurance after deductible","40% Coinsurance after deductible","50% Coinsurance after deductible",
33083,"MVP Premier Plus Gold 1 NS INN Dep25",Gold,1566.79,850,1700,100,200,,,6300,12700,No,No,$15,"$45 Copay after deductible",$0,"$45 Copay after deductible","50% Coinsurance after deductible","$45 Copay after deductible","$500 Copay after deductible","50% Coinsurance after deductible","$100 Copay after deductible","$45 Copay after deductible","$200 Copay after deductible","$35 Copay after deductible","$70 Copay after deductible",,$5,$0,$0,,,,,,"$500 Copay per Stay after deductible",$15,"$500 Copay per Stay after deductible",$15,"$45 Copay after deductible","50% Coinsurance after deductible","50% Coinsurance after deductible","$500 Copay per Stay after deductible","$600 Copay after deductible","$500 Copay per Stay after deductible","$100 Copay after deductible","$600 Copay after deductible","$45 Copay after deductible","$45 Copay after deductible",$0,$45,$300,$300,"$60 Copay after deductible","$100 Copay after deductible",$45,"50% Coinsurance after deductible",
33086,"MVP Premier Plus Platinum 1 NS INN Dep25",Platinum,1844.92,0,0,0,0,,,3000,6000,No,No,$5,$40,$0,$40,50%,$40,$300,50%,$100,$40,$100,$30,$50,,$5,$0,$0,,,,,,"$300 Copay per Stay",$5,"$300 Copay per Stay",$5,$40,50%,50%,"$300 Copay per Stay",$400,"$300 Copay per Stay",$100,$400,$40,$40,$0,$40,$100,$100,$40,$100,$40,50%,
33089,"MVP Premier Plus Platinum 2 NS INN Dep25",Platinum,1862.22,0,0,0,0,,,2500,5000,No,No,$5,$30,$0,$30,50%,$30,$300,50%,$50,$30,$100,$30,$50,,$5,$0,$0,,,,,,"$300 Copay per Stay",$5,"$300 Copay per Stay",$5,$30,50%,50%,"$300 Copay per Stay",$350,"$300 Copay per Stay",$50,$350,$30,$30,$0,$30,$100,$100,$30,$100,$30,50%,
33092,"MVP Premier Plus Bronze 1 NS INN Dep25",Bronze,1129.51,3500,7000,200,400,,,6850,13700,No,No,"$35 Copay after deductible","$80 Copay after deductible",$0,"$80 Copay after deductible","50% Coinsurance after deductible","$80 Copay after deductible","50% Coinsurance after deductible","50% Coinsurance after deductible","$300 Copay after deductible","$50 Copay after deductible","$300 Copay after deductible","$40 Copay after deductible","50% Coinsurance after deductible",,"$10 Copay after deductible",$0,$0,,,,,,"50% Coinsurance after deductible","$35 Copay after deductible","50% Coinsurance after deductible","$35 Copay after deductible","$80 Copay after deductible","50% Coinsurance after deductible","50% Coinsurance after deductible","50% Coinsurance after deductible","50% Coinsurance after deductible","50% Coinsurance after deductible","50% Coinsurance after deductible","50% Coinsurance after deductible","$80 Copay after deductible","$80 Copay after deductible",$0,"$80 Copay after deductible","50% Coinsurance after deductible","50% Coinsurance after deductible","$100 Copay after deductible","$200 Copay after deductible","$80 Copay after deductible","50% Coinsurance after deductible",
33137,"MVP Premier Plus HDHP Bronze 3 NS INN Dep25",Bronze,1082.43,,,,,5400,10800,6450,12900,No,Yes,"$30 Copay after deductible","$50 Copay after deductible",$0,"$50 Copay after deductible","50% Coinsurance after deductible","$50 Copay after deductible","30% Coinsurance after deductible","50% Coinsurance after deductible","$100 Copay after deductible","$50 Copay after deductible","$100 Copay after deductible","$40 Copay after deductible","$60 Copay after deductible",,"$10 Copay after deductible",$0,$0,,,,,,"30% Coinsurance after deductible","$30 Copay after deductible","30% Coinsurance after deductible","$30 Copay after deductible","$50 Copay after deductible","50% Coinsurance after deductible","50% Coinsurance after deductible","30% Coinsurance after deductible","30% Coinsurance after deductible","30% Coinsurance after deductible","30% Coinsurance after deductible","30% Coinsurance after deductible","$50 Copay after deductible","$50 Copay after deductible",$0,"$50 Copay after deductible","$300 Copay after deductible","$300 Copay after deductible","$100 Copay after deductible","$200 Copay after deductible","$50 Copay after deductible","50% Coinsurance after deductible",
33140,"MVP Premier Plus HDHP Silver 3 NS INN Dep25",Silver,1310.49,,,,,2000,4000,4500,9000,No,Yes,"$25 Copay after deductible","$50 Copay after deductible",$0,"$50 Copay after deductible","50% Coinsurance after deductible","$50 Copay after deductible","$500 Copay after deductible","50% Coinsurance after deductible","$100 Copay after deductible","$50 Copay after deductible","$200 Copay after deductible","$40 Copay after deductible","$60 Copay after deductible",,"$10 Copay after deductible",$0,$0,,,,,,"$500 Copay per Stay after deductible","$25 Copay after deductible","$500 Copay per Stay after deductible","$25 Copay after deductible","$50 Copay after deductible","50% Coinsurance after deductible","50% Coinsurance after deductible","$500 Copay per Stay after deductible","$600 Copay after deductible","$500 Copay per Stay after deductible","$100 Copay after deductible","$600 Copay after deductible","$50 Copay after deductible","$50 Copay after deductible",$0,"$50 Copay after deductible","$300 Copay after deductible","$300 Copay after deductible","$50 Copay after deductible","$150 Copay after deductible","$50 Copay after deductible","50% Coinsurance after deductible",
33146,"MVP Premier Plus HDHP Gold 2 NS INN Dep25",Gold,1515.94,,,,,1400,2800,6350,12700,No,Yes,"$5 Copay after deductible","$15 Copay after deductible",$0,"$15 Copay after deductible","50% Coinsurance after deductible","$15 Copay after deductible","$200 Copay after deductible","50% Coinsurance after deductible","$25 Copay after deductible","$15 Copay after deductible","$100 Copay after deductible","$15 Copay after deductible","$25 Copay after deductible",,"$5 Copay after deductible",$0,$0,,,,,,"$200 Copay per Stay after deductible","$5 Copay after deductible","$200 Copay per Stay after deductible","$5 Copay after deductible","$15 Copay after deductible","50% Coinsurance after deductible","50% Coinsurance after deductible","$200 Copay per Stay after deductible","$225 Copay after deductible","$200 Copay per Stay after deductible","$25 Copay after deductible","$225 Copay after deductible","$15 Copay after deductible","$15 Copay after deductible",$0,"$15 Copay after deductible","$75 Copay after deductible","$75 Copay after deductible","$15 Copay after deductible","$75 Copay after deductible","$15 Copay after deductible","50% Coinsurance after deductible",
33567,"Oscar Market, Platinum, ST, INN, Dep25, Wellness Rewards, Step Tracking, FreeTelemedicine",Platinum,1817.36,0,0,0,0,,,2000,4000,No,No,$15,$35,$0,$25,10%,$35,$500,10%,$100,$15,$100,$30,$60,$60,$10,$0,$0,$0,,,,,"$500 Copay per Stay",$15,"$500 Copay per Stay",$15,$15,10%,10%,"$500 Copay per Stay",$600,"$500 Copay per Stay",$100,$500,$15,$15,$0,$55,$100,$100,$35,$35,$35,,$0
33579,"Oscar Market, Gold, ST, INN, Dep25, Wellness Rewards, Step Tracking, Free Telemedicine",Gold,1586.39,600,1200,0,0,,,4000,8000,No,No,"$25 Copay after deductible","$40 Copay after deductible",$0,"$30 Copay after deductible","20% Coinsurance after deductible","$40 Copay after deductible","$1000 Copay after deductible","20% Coinsurance after deductible","$100 Copay after deductible","$25 Copay after deductible","$100 Copay after deductible",$35,$70,$70,$10,$0,$0,$0,,,,,"$1000 Copay per Stay after deductible","$25 Copay after deductible","$1000 Copay per Stay after deductible","$25 Copay after deductible","$25 Copay after deductible","20% Coinsurance after deductible","20% Coinsurance after deductible","$1000 Copay per Stay after deductible","$1100 Copay after deductible","$1000 Copay per Stay after deductible","$100 Copay after deductible","$1100 Copay after deductible","$25 Copay after deductible","$25 Copay after deductible",$0,"$60 Copay after deductible","$150 Copay after deductible","$150 Copay after deductible","$40 Copay after deductible","$40 Copay after deductible","$40 Copay after deductible",,$0
33591,"Oscar Market, Silver, ST, INN, Dep25, Wellness Rewards, Step Tracking, Free elemedicine",Silver,1330.03,2000,4000,0,0,,,5500,11000,No,No,"$30 Copay after deductible","$50 Copay after deductible",$0,"$30 Copay after deductible","30% Coinsurance after deductible","$50 Copay after deductible","$1500 Copay after deductible","30% Coinsurance after deductible","$100 Copay after deductible","$30 Copay after deductible","$100 Copay after deductible",$35,$70,$70,$10,$0,$0,$0,,,,,"$1500 Copay per Stay after deductible","$30 Copay after deductible","$1500 Copay per Stay after deductible","$30 Copay after deductible","$30 Copay after deductible","30% Coinsurance after deductible","30% Coinsurance after deductible","$1500 Copay per Stay after deductible","$1600 Copay after deductible","$1500 Copay per Stay after deductible","$100 Copay after deductible","$1600 Copay after deductible","$30 Copay after deductible","$30 Copay after deductible",$0,"$70 Copay after deductible","$150 Copay after deductible","$150 Copay after deductible","$50 Copay after deductible","$50 Copay after deductible","$50 Copay after deductible",,$0
33615,"Oscar Market, Bronze, ST, INN, Dep25, Wellness Rewards, Step Tracking, Free Telemedicine",Bronze,1065.58,,,,,3500,7000,6850,13700,No,No,"50% Coinsurance after deductible","50% Coinsurance after deductible",$0,"50% Coinsurance after deductible","50% Coinsurance after deductible","50% Coinsurance after deductible","50% Coinsurance after deductible","50% Coinsurance after deductible","50% Coinsurance after deductible","50% Coinsurance after deductible","50% Coinsurance after deductible","$35 Copay after deductible","$70 Copay after deductible","$70 Copay after deductible","$10 Copay after deductible",$0,$0,$0,,,,,"50% Coinsurance after deductible","50% Coinsurance after deductible","50% Coinsurance after deductible","50% Coinsurance after deductible","50% Coinsurance after deductible","50% Coinsurance after deductible","50% Coinsurance after deductible","50% Coinsurance after deductible","50% Coinsurance after deductible","50% Coinsurance after deductible","50% Coinsurance after deductible","50% Coinsurance after deductible","50% Coinsurance after deductible","50% Coinsurance after deductible","50% Coinsurance after deductible","50% Coinsurance after deductible","50% Coinsurance after deductible","50% Coinsurance after deductible","50% Coinsurance after deductible","50% Coinsurance after deductible","50% Coinsurance after deductible",,$0
33644,"Oscar Simple, Platinum, NS, INN, Dep25, Free Generic Drugs, Free PCP/Mental Health Visits, Wellness Rewards, Step Tracking, Free Telemedicine",Platinum,1787.26,,,,,1000,2000,1000,2000,No,No,$0,"No Charge after deductible",$0,"No Charge after deductible","No Charge after deductible","No Charge after deductible","No Charge after deductible","No Charge after deductible","No Charge after deductible","No Charge after deductible","No Charge after deductible","No Charge after deductible","No Charge after deductible","No Charge after deductible",$0,$0,$0,$0,,,,,"No Charge after deductible",$0,"No Charge after deductible",$0,"No Charge after deductible","No Charge after deductible","No Charge after deductible","No Charge after deductible","No Charge after deductible","No Charge after deductible","No Charge after deductible","No Charge after deductible","No Charge after deductible","No Charge after deductible","No Charge after deductible","No Charge after deductible","No Charge after deductible","No Charge after deductible","No Charge after deductible","No Charge after deductible","No Charge after deductible",,$0
33650,"Oscar Simple, Silver, NS, INN, Dep25, Free Generic Drugs, Free PCP/Mental Health Visits, Wellness Rewards, Step Tracking, Free Telemedicine",Silver,1226.76,,,,,5900,11800,5900,11800,No,No,$0,"No Charge after deductible",$0,"No Charge after deductible","No Charge after deductible","No Charge after deductible","No Charge after deductible","No Charge after deductible","No Charge after deductible","No Charge after deductible","No Charge after deductible","No Charge after deductible","No Charge after deductible","No Charge after deductible",$0,$0,$0,$0,,,,,"No Charge after deductible",$0,"No Charge after deductible",$0,"No Charge after deductible","No Charge after deductible","No Charge after deductible","No Charge after deductible","No Charge after deductible","No Charge after deductible","No Charge after deductible","No Charge after deductible","No Charge after deductible","No Charge after deductible","No Charge after deductible","No Charge after deductible","No Charge after deductible","No Charge after deductible","No Charge after deductible","No Charge after deductible","No Charge after deductible",,$0
33668,"Oscar Simple, Gold, NS, INN, Dep25, Free Generic Drugs, Free PCP/Mental Health Visits, Wellness Rewards, Step Tracking, Free Telemedicine",Gold,1493.34,,,,,3000,6000,3000,6000,No,No,$0,"No Charge after deductible",$0,"No Charge after deductible","No Charge after deductible","No Charge after deductible","No Charge after deductible","No Charge after deductible","No Charge after deductible","No Charge after deductible","No Charge after deductible","No Charge after deductible","No Charge after deductible","No Charge after deductible",$0,$0,$0,$0,,,,,"No Charge after deductible",$0,"No Charge after deductible",$0,"No Charge after deductible","No Charge after deductible","No Charge after deductible","No Charge after deductible","No Charge after deductible","No Charge after deductible","No Charge after deductible","No Charge after deductible","No Charge after deductible","No Charge after deductible","No Charge after deductible","No Charge after deductible","No Charge after deductible","No Charge after deductible","No Charge after deductible","No Charge after deductible","No Charge after deductible",,$0
33674,"Oscar Simple+, Silver, NS, INN, Dep25, Free Generic Drugs, $50 Preferred Drugs, Free PCP/Mental Health Visits, $50 Urgent Care, No deductible Specialist, Wellness Rewards, Step Tracking, Free Telemedicine",Silver,1260.42,,,,,5900,11800,5900,11800,No,No,$0,$50,$0,"No Charge after deductible","No Charge after deductible","No Charge after deductible","No Charge after deductible","No Charge after deductible","No Charge after deductible","No Charge after deductible","No Charge after deductible",$50,"No Charge after deductible","No Charge after deductible",$0,$0,$0,$0,,,,,"No Charge after deductible",$0,"No Charge after deductible",$0,"No Charge after deductible","No Charge after deductible","No Charge after deductible","No Charge after deductible","No Charge after deductible","No Charge after deductible","No Charge after deductible","No Charge after deductible","No Charge after deductible","No Charge after deductible","No Charge after deductible",$50,"No Charge after deductible","No Charge after deductible","No Charge after deductible","No Charge after deductible","No Charge after deductible",,$0
33686,"Oscar Simple+, Gold, NS, INN, Dep25, Free Generic Drugs, $50 Preferred Drugs, Free PCP/Mental Health Visits, Free Urgent Care, No deductible Specialist, Wellness Rewards, Step Tracking, Free Telemedicine",Gold,1508.63,,,,,3000,6000,3000,6000,No,No,$0,$50,$0,"No Charge after deductible","No Charge after deductible","No Charge after deductible","No Charge after deductible","No Charge after deductible","No Charge after deductible","No Charge after deductible","No Charge after deductible",$50,"No Charge after deductible","No Charge after deductible",$0,$0,$0,$0,,,,,"No Charge after deductible",$0,"No Charge after deductible",$0,"No Charge after deductible","No Charge after deductible","No Charge after deductible","No Charge after deductible","No Charge after deductible","No Charge after deductible","No Charge after deductible","No Charge after deductible","No Charge after deductible","No Charge after deductible","No Charge after deductible",$50,"No Charge after deductible","No Charge after deductible","No Charge after deductible","No Charge after deductible","No Charge after deductible",,$0
33692,"Oscar Simple+, Platinum, NS, INN, Dep25, Free Generic Drugs, $50 Preferred Drugs, Free PCP/Mental Health Visits, Free Urgent Care, No deductible Specialist, Wellness Rewards, Step Tracking, Free Telemedicine",Platinum,1788.11,,,,,1000,2000,1000,2000,No,No,$0,$50,$0,"No Charge after deductible","No Charge after deductible","No Charge after deductible","No Charge after deductible","No Charge after deductible","No Charge after deductible","No Charge after deductible","No Charge after deductible",$50,"No Charge after deductible","No Charge after deductible",$0,$0,$0,$0,,,,,"No Charge after deductible",$0,"No Charge after deductible",$0,"No Charge after deductible","No Charge after deductible","No Charge after deductible","No Charge after deductible","No Charge after deductible","No Charge after deductible","No Charge after deductible","No Charge after deductible","No Charge after deductible","No Charge after deductible","No Charge after deductible",$50,"No Charge after deductible","No Charge after deductible","No Charge after deductible","No Charge after deductible","No Charge after deductible",,$0
34060,"Oscar Classic, Platinum, NS, INN, Dep25, Three Free PCP Visits, Free Generic Drugs, Free Labs, Wellness Rewards, Step Tracking, Free Telemedicine",Platinum,1851.25,0,0,0,0,,,2000,4000,No,No,$15,$35,$0,$25,10%,$35,$500,10%,$100,$15,$100,$50,$150,$150,$0,$0,$0,$0,,,,,"$500 Copay per Stay",$15,"$500 Copay per Stay",$15,$15,10%,10%,"$500 Copay per Stay",$500,"$500 Copay per Stay",$100,$500,$15,$15,$15,$35,$100,$100,$35,$35,$35,,$0
34066,"Oscar Classic, Gold, NS, INN, Dep25, Three Free PCP Visits, Free Generic Drugs, Free Labs, Wellness Rewards, Step Tracking, Free Telemedicine",Gold,1576.36,1000,2000,,,,,4000,8000,No,No,"$25 Copay after deductible","$40 Copay after deductible",$0,"$30 Copay after deductible","20% Coinsurance after deductible","$40 Copay after deductible","$1000 Copay after deductible","20% Coinsurance after deductible","$100 Copay after deductible","$25 Copay after deductible","$100 Copay after deductible",$50,$150,$150,$0,$0,$0,$0,,,,,"$1000 Copay per Stay after deductible","$25 Copay after deductible","$1000 Copay per Stay after deductible","$25 Copay after deductible","$25 Copay after deductible","20% Coinsurance after deductible","20% Coinsurance after deductible","$1000 Copay per Stay after deductible","$1000 Copay after deductible","$1000 Copay per Stay after deductible","$100 Copay after deductible","$1000 Copay after deductible","$25 Copay after deductible","$25 Copay after deductible","$25 Copay after deductible","$40 Copay after deductible","$150 Copay after deductible","$150 Copay after deductible","$40 Copay after deductible","$40 Copay after deductible","$40 Copay after deductible",,$0
34072,"Oscar Classic, Silver, NS, INN, Dep25, Three Free PCP Visits, Free Generic Drugs, Free Labs, Wellness Rewards, Step Tracking, Free Telemedicine",Silver,1227.34,4500,9000,0,0,,,5500,11000,No,No,"$30 Copay after deductible","$50 Copay after deductible",$0,"$30 Copay after deductible","30% Coinsurance after deductible","$50 Copay after deductible","$1500 Copay after deductible","30% Coinsurance after deductible","$100 Copay after deductible","$30 Copay after deductible","$100 Copay after deductible",$50,$150,$150,$0,$0,$0,$0,,,,,"$1500 Copay per Stay after deductible","$30 Copay after deductible","$1500 Copay per Stay after deductible","$30 Copay after deductible","$30 Copay after deductible","30% Coinsurance after deductible","30% Coinsurance after deductible","$1500 Copay per Stay after deductible","$1500 Copay after deductible","$1500 Copay per Stay after deductible","$100 Copay after deductible","$1500 Copay after deductible","$30 Copay after deductible","$30 Copay after deductible","$30 Copay after deductible","$50 Copay after deductible","$150 Copay after deductible","$150 Copay after deductible","$50 Copay after deductible","$50 Copay after deductible","$50 Copay after deductible",,$0
34084,"Oscar Classic, Bronze, NS, INN, Dep25, Three Free PCP Visits, Wellness Rewards, Step Tracking, Free Telemedicine",Bronze,1026.85,,,,,6850,13700,6850,13700,No,No,"No Charge after deductible","No Charge after deductible",$0,"No Charge after deductible","No Charge after deductible","No Charge after deductible","No Charge after deductible","No Charge after deductible","No Charge after deductible","No Charge after deductible","No Charge after deductible","No Charge after deductible","No Charge after deductible","No Charge after deductible","No Charge after deductible",$0,$0,$0,,,,,"No Charge after deductible","No Charge after deductible","No Charge after deductible","No Charge after deductible","No Charge after deductible","No Charge after deductible","No Charge after deductible","No Charge after deductible","No Charge after deductible","No Charge after deductible","No Charge after deductible","No Charge after deductible","No Charge after deductible","No Charge after deductible","No Charge after deductible","No Charge after deductible","No Charge after deductible","No Charge after deductible","No Charge after deductible","No Charge after deductible","No Charge after deductible",,$0
34090,"Oscar Simple, Bronze, NS, INN, Dep25, $20 Generic Drugs, $20 PCP/Mental Health Visits, Wellness Rewards, Step Tracking, Free Telemedicine",Bronze,1031.30,,,,,6850,13700,6850,13700,No,No,"No Charge after deductible","No Charge after deductible",$0,"No Charge after deductible","No Charge after deductible","No Charge after deductible","No Charge after deductible","No Charge after deductible","No Charge after deductible","No Charge after deductible","No Charge after deductible","No Charge after deductible","No Charge after deductible","No Charge after deductible",$20,$0,$0,$0,,,,,"No Charge after deductible","No Charge after deductible","No Charge after deductible","No Charge after deductible","No Charge after deductible","No Charge after deductible","No Charge after deductible","No Charge after deductible","No Charge after deductible","No Charge after deductible","No Charge after deductible","No Charge after deductible","No Charge after deductible","No Charge after deductible","No Charge after deductible","No Charge after deductible","No Charge after deductible","No Charge after deductible","No Charge after deductible","No Charge after deductible","No Charge after deductible",,$0
34274,"Empire Blue Cross Blue Shield HMO 2750 X, for HSA, Silver, NS, INN, Pediatric Dental, Dep 25, a Multi-State Plan",Silver,1471.57,,,,,2750,5500,6550,13100,No,Yes,"10% Coinsurance after deductible","10% Coinsurance after deductible",$0,"10% Coinsurance after deductible","10% Coinsurance after deductible","10% Coinsurance after deductible","$1100 Copay after deductible","10% Coinsurance after deductible","10% Coinsurance after deductible","10% Coinsurance after deductible","10% Coinsurance after deductible","10% Coinsurance after deductible","10% Coinsurance after deductible",,"10% Coinsurance after deductible",$0,$0,$0,50%,50%,25%,25%,"$1100 Copay per Stay after deductible","10% Coinsurance after deductible","$1100 Copay per Stay after deductible","10% Coinsurance after deductible",$0,$0,$0,"10% Coinsurance after deductible","$1100 Copay after deductible","$1100 Copay per Stay after deductible","10% Coinsurance after deductible","$1100 Copay after deductible","10% Coinsurance after deductible","10% Coinsurance after deductible",$0,"$50 Copay after deductible","10% Coinsurance after deductible","$500 Copay after deductible","10% Coinsurance after deductible","10% Coinsurance after deductible","10% Coinsurance after deductible",,
34280,"Empire Blue Cross Blue Shield HMO 1000 X, Gold, NS, INN, Pediatric Dental, Dep 25, a Multi-State Plan",Gold,1751.41,,,,,1000,2000,6850,13700,No,No,$30,"10% Coinsurance after deductible",$0,"10% Coinsurance after deductible","10% Coinsurance after deductible","10% Coinsurance after deductible","$1000 Copay after deductible","10% Coinsurance after deductible","10% Coinsurance after deductible",10%,"10% Coinsurance after deductible",$40,"10% Coinsurance after deductible",,$15,$0,$0,$0,50%,50%,25%,25%,"$1000 Copay per Stay after deductible","10% Coinsurance after deductible","$1000 Copay per Stay after deductible","10% Coinsurance after deductible",$0,$0,$0,"10% Coinsurance after deductible","$1000 Copay after deductible","$1000 Copay per Stay after deductible","10% Coinsurance after deductible","$1000 Copay after deductible","10% Coinsurance after deductible","10% Coinsurance after deductible",$0,"$50 Copay after deductible","10% Coinsurance after deductible","$400 Copay after deductible","10% Coinsurance after deductible","10% Coinsurance after deductible","10% Coinsurance after deductible",,
34817,"Empire HMO 4000 X for HSA Bronze ST INN Pediatric Dental Dep 25",Bronze,1263.86,,,,,4000,8000,6450,12900,No,Yes,"50% Coinsurance after deductible","50% Coinsurance after deductible",$0,"50% Coinsurance after deductible","50% Coinsurance after deductible","50% Coinsurance after deductible",$0,"50% Coinsurance after deductible","50% Coinsurance after deductible","50% Coinsurance after deductible","50% Coinsurance after deductible","$35 Copay after deductible","$70 Copay after deductible",,"$10 Copay after deductible",$0,$0,$0,"50% Coinsurance after deductible","50% Coinsurance after deductible","50% Coinsurance after deductible","50% Coinsurance after deductible","50% Coinsurance after deductible","50% Coinsurance after deductible","50% Coinsurance after deductible","50% Coinsurance after deductible","50% Coinsurance after deductible","50% Coinsurance after deductible","50% Coinsurance after deductible","50% Coinsurance after deductible","50% Coinsurance after deductible","$0 Copay per Stay","50% Coinsurance after deductible","50% Coinsurance after deductible","50% Coinsurance after deductible","50% Coinsurance after deductible",$0,"50% Coinsurance after deductible","50% Coinsurance after deductible","50% Coinsurance after deductible","50% Coinsurance after deductible","50% Coinsurance after deductible","50% Coinsurance after deductible",,
34820,"Empire HMO 6000 X Bronze NS INN Pediatric Dental Dep 25",Bronze,1246.31,,,,,6000,12000,6850,13700,No,No,"$0 Copay before deductible","20% Coinsurance after deductible",$0,"20% Coinsurance after deductible","20% Coinsurance after deductible","20% Coinsurance after deductible","$850 Copay after deductible","20% Coinsurance after deductible","20% Coinsurance after deductible",20%,"20% Coinsurance after deductible","20% Coinsurance after deductible","20% Coinsurance after deductible",,"20% Coinsurance after deductible",$0,$0,$0,"50% Coinsurance after deductible","50% Coinsurance after deductible","25% Coinsurance after deductible","25% Coinsurance after deductible","$850 Copay per Stay after deductible","20% Coinsurance after deductible","$850 Copay per Stay after deductible","20% Coinsurance after deductible",$0,$0,$0,"20% Coinsurance after deductible","$850 Copay after deductible","$850 Copay per Stay after deductible","20% Coinsurance after deductible","$850 Copay after deductible","20% Coinsurance after deductible","20% Coinsurance after deductible",$0,"$75 Copay after deductible","20% Coinsurance after deductible","$750 Copay after deductible","20% Coinsurance after deductible","20% Coinsurance after deductible","20% Coinsurance after deductible",,
34823,"Empire HMO 5850 X Bronze NS INN Pediatric Dental Dep 25",Bronze,1239.81,,,,,5850,11700,6850,13700,No,No,"$0 Copay before deductible","30% Coinsurance after deductible",$0,"30% Coinsurance after deductible","30% Coinsurance after deductible","30% Coinsurance after deductible","$1000 Copay after deductible","30% Coinsurance after deductible","30% Coinsurance after deductible",25%,"30% Coinsurance after deductible","30% Coinsurance after deductible","30% Coinsurance after deductible",,"30% Coinsurance after deductible",$0,$0,$0,"50% Coinsurance after deductible","50% Coinsurance after deductible","25% Coinsurance after deductible","25% Coinsurance after deductible","$1000 Copay per Stay after deductible","30% Coinsurance after deductible","$1000 Copay per Stay after deductible","30% Coinsurance after deductible",$0,$0,$0,"30% Coinsurance after deductible","$1000 Copay after deductible","$1000 Copay per Stay after deductible","30% Coinsurance after deductible","$1000 Copay after deductible","30% Coinsurance after deductible","30% Coinsurance after deductible",$0,"$75 Copay after deductible","30% Coinsurance after deductible","$600 Copay after deductible","30% Coinsurance after deductible","30% Coinsurance after deductible","30% Coinsurance after deductible",,
34826,"Empire HMO 2000 X Silver ST INN Pediatric Dental Dep 25",Silver,1577.19,,,,,2000,4000,5500,11000,No,No,"$30 Copay after deductible","$50 Copay after deductible",$0,"$30 Copay after deductible","30% Coinsurance after deductible","$50 Copay after deductible","$1500 Copay after deductible","30% Coinsurance after deductible","$100 Copay after deductible","$30 Copay after deductible","$100 Copay after deductible",$35,$70,,$10,$0,$0,$0,"$30 Copay after deductible","$30 Copay after deductible","$30 Copay after deductible","$30 Copay after deductible","$1500 Copay after deductible","$30 Copay after deductible","$1500 Copay after deductible","$30 Copay after deductible","$30 Copay after deductible","30% Coinsurance after deductible","30% Coinsurance after deductible","$1500 Copay per Stay after deductible","$1600 Copay after deductible","$1500 Copay per Stay after deductible","$100 Copay after deductible","$1600 Copay after deductible","$30 Copay after deductible","$30 Copay after deductible",$0,"$70 Copay after deductible","$150 Copay after deductible","$150 Copay after deductible","$50 Copay after deductible","$50 Copay after deductible","$50 Copay after deductible",,
34832,"Empire HMO 2250 X Silver NS INN Pediatric Dental Dep 25",Silver,1445.89,,,,,2250,4500,6500,13000,No,No,"$0 Copay before deductible","25% Coinsurance after deductible",$0,"25% Coinsurance after deductible","25% Coinsurance after deductible","25% Coinsurance after deductible","$1000 Copay after deductible","25% Coinsurance after deductible","25% Coinsurance after deductible",25%,"25% Coinsurance after deductible","25% Coinsurance after deductible","25% Coinsurance after deductible",,"25% Coinsurance after deductible",$0,$0,$0,"50% Coinsurance after deductible","50% Coinsurance after deductible","25% Coinsurance after deductible","25% Coinsurance after deductible","$1000 Copay per Stay after deductible","25% Coinsurance after deductible","$1000 Copay per Stay after deductible","25% Coinsurance after deductible",$0,$0,$0,"25% Coinsurance after deductible","$1000 Copay after deductible","$1000 Copay per Stay after deductible","25% Coinsurance after deductible","$1000 Copay after deductible","25% Coinsurance after deductible","25% Coinsurance after deductible",$0,"$50 Copay after deductible","25% Coinsurance after deductible","$200 Copay after deductible","25% Coinsurance after deductible","25% Coinsurance after deductible","25% Coinsurance after deductible",,
34838,"Empire HMO 600 X Gold ST INN Pediatric Dental Dep 25",Gold,1840.13,,,,,600,1200,4000,8000,No,No,"$25 Copay after deductible","$40 Copay after deductible",$0,"$30 Copay after deductible","20% Coinsurance after deductible","$40 Copay after deductible","$1000 Copay after deductible","20% Coinsurance after deductible","$100 Copay after deductible","$25 Copay after deductible","$100 Copay after deductible",$35,$70,,$10,$0,$0,$0,"$25 Copay after deductible","$25 Copay after deductible","$25 Copay after deductible","$25 Copay after deductible","$1000 Copay after deductible","$25 Copay after deductible","$1000 Copay after deductible","$25 Copay after deductible","$25 Copay after deductible","20% Coinsurance after deductible","20% Coinsurance after deductible","$1000 Copay per Stay after deductible","$1100 Copay after deductible","$1000 Copay per Stay after deductible","$100 Copay after deductible","$1100 Copay after deductible","$25 Copay after deductible","$25 Copay after deductible",$0,"$60 Copay after deductible","$150 Copay after deductible","$150 Copay after deductible","$40 Copay after deductible","$40 Copay after deductible","$40 Copay after deductible",,
34841,"Empire HMO 0 X Platinum ST INN Pediatric Dental Dep 25",Platinum,2139.67,,,,,0,0,2000,4000,No,No,$15,$35,$0,$25,10%,$35,$500,10%,$100,$15,$100,$30,$60,,$10,$0,$0,$0,$15,$15,$15,$15,"$500 Copay per Stay",$15,"$500 Copay per Stay",$15,$15,10%,10%,"$500 Copay per Stay",$600,"$500 Copay per Stay",$100,$600,$15,$15,$0,$55,$100,$100,$35,$35,$35,,
34887,"Empire HMO 2750 X for HSA Silver NS INN Pediatric Dental Dep 25",Silver,1470.91,,,,,2750,5500,6550,13100,No,Yes,"10% Coinsurance after deductible","10% Coinsurance after deductible",$0,"10% Coinsurance after deductible","10% Coinsurance after deductible","10% Coinsurance after deductible","$1100 Copay after deductible","10% Coinsurance after deductible","10% Coinsurance after deductible","10% Coinsurance after deductible","10% Coinsurance after deductible","10% Coinsurance after deductible","10% Coinsurance after deductible",,"10% Coinsurance after deductible",$0,$0,$0,"50% Coinsurance after deductible","50% Coinsurance after deductible","25% Coinsurance after deductible","25% Coinsurance after deductible","$1100 Copay per Stay after deductible","10% Coinsurance after deductible","$1100 Copay per Stay after deductible","10% Coinsurance after deductible",$0,$0,$0,"10% Coinsurance after deductible","$1100 Copay after deductible","$1100 Copay per Stay after deductible","10% Coinsurance after deductible","$1100 Copay after deductible","10% Coinsurance after deductible","10% Coinsurance after deductible",$0,"$50 Copay after deductible","10% Coinsurance after deductible","$500 Copay after deductible","10% Coinsurance after deductible","10% Coinsurance after deductible","10% Coinsurance after deductible",,
34899,"Empire HMO 1000 X Gold NS INN Pediatric Dental Dep 25",Gold,1750.27,,,,,1000,2000,6850,13700,No,No,$30,"10% Coinsurance after deductible",$0,"10% Coinsurance after deductible","10% Coinsurance after deductible","10% Coinsurance after deductible","$1000 Copay after deductible","10% Coinsurance after deductible","10% Coinsurance after deductible",10%,"10% Coinsurance after deductible",$40,"10% Coinsurance after deductible",,$15,$0,$0,$0,"50% Coinsurance after deductible","50% Coinsurance after deductible","25% Coinsurance after deductible","25% Coinsurance after deductible","$1000 Copay per Stay after deductible","10% Coinsurance after deductible","$1000 Copay per Stay after deductible","10% Coinsurance after deductible",$0,$0,$0,"10% Coinsurance after deductible","$1000 Copay after deductible","$1000 Copay per Stay after deductible","10% Coinsurance after deductible","$1000 Copay after deductible","10% Coinsurance after deductible","10% Coinsurance after deductible",$0,"$50 Copay after deductible","10% Coinsurance after deductible","$400 Copay after deductible","10% Coinsurance after deductible","10% Coinsurance after deductible","10% Coinsurance after deductible",,
34905,"Empire HMO 250 X Platinum NS INN Pediatric Dental Dep 25",Platinum,2066.54,,,,,250,500,4000,8000,No,No,$20,"$35 Copay after deductible",$0,"5% Coinsurance after deductible","5% Coinsurance after deductible","$35 Copay after deductible","$300 Copay after deductible","5% Coinsurance after deductible","5% Coinsurance after deductible",5%,"5% Coinsurance after deductible",$35,"$50 Copay after deductible",,$10,$0,$0,$0,"50% Coinsurance after deductible","50% Coinsurance after deductible","25% Coinsurance after deductible","25% Coinsurance after deductible","$300 Copay per Stay after deductible","5% Coinsurance after deductible","$300 Copay per Stay after deductible","5% Coinsurance after deductible",$0,$0,$0,"5% Coinsurance after deductible","$300 Copay after deductible","$300 Copay per Stay after deductible","5% Coinsurance after deductible","$300 Copay after deductible","5% Coinsurance after deductible","5% Coinsurance after deductible",$0,"$50 Copay after deductible","5% Coinsurance after deductible","$200 Copay after deductible","5% Coinsurance after deductible","5% Coinsurance after deductible","5% Coinsurance after deductible",,
34911,"Empire HMO 5850 X Bronze NS INN Pediatric Dental Dep 25 0 PCP Office Visit",Bronze,1264.35,,,,,5850,11700,6850,13700,No,No,"$0 / $0 Copay before deductible","30% Coinsurance after deductible / Not Applicable","No Charge / Not Applicable","30% Coinsurance after deductible / Not Applicable","30% Coinsurance after deductible / Not Applicable","30% Coinsurance after deductible / Not Applicable","$1000 Copay after deductible / Not Applicable","30% Coinsurance after deductible / Not Applicable","30% Coinsurance after deductible / Not Applicable","25% / Not Applicable","30% Coinsurance after deductible / Not Applicable","30% Coinsurance after deductible / Not Applicable","30% Coinsurance after deductible / Not Applicable","Not Applicable / Not Applicable","30% Coinsurance after deductible / Not Applicable","No Charge / Not Applicable","No Charge / No Charge","No Charge / No Charge","50% Coinsurance after deductible / Not Applicable","50% Coinsurance after deductible / Not Applicable","25% Coinsurance after deductible / Not Applicable","25% Coinsurance after deductible / Not Applicable","$1000 Copay per Stay after deductible / Not Applicable","30% Coinsurance after deductible / Not Applicable","$1000 Copay per Stay after deductible / Not Applicable","30% Coinsurance after deductible / Not Applicable","No Charge / Not Applicable","No Charge / No Charge","No Charge / Not Applicable","$0 Copay per Stay / Not Applicable","$1000 Copay after deductible / Not Applicable","$1000 Copay per Stay after deductible / Not Applicable","30% Coinsurance after deductible / Not Applicable","$1000 Copay after deductible / Not Applicable","30% Coinsurance after deductible / Not Applicable","30% Coinsurance after deductible / Not Applicable","No Charge / Not Applicable","$75 Copay after deductible / Not Applicable","30% Coinsurance after deductible / Not Applicable","$600 Copay after deductible / Not Applicable","30% Coinsurance after deductible / Not Applicable","30% Coinsurance after deductible / Not Applicable","30% Coinsurance after deductible / Not Applicable",,
35045,"UnitedHealthcare Compass Silver NS INN Pediatric Dental Dep 25",Silver,1634.55,2450,4900,0,0,,,6550,13100,No,No,$10,$75,$0,"30% Coinsurance after deductible","30% Coinsurance after deductible","30% Coinsurance after deductible","30% Coinsurance after deductible","30% Coinsurance after deductible","30% Coinsurance after deductible","30% Coinsurance after deductible","30% Coinsurance after deductible",$35,$75,$75,$15,$0,$0,,"$30 Copay after deductible","$30 Copay after deductible","$30 Copay after deductible","$30 Copay after deductible","30% Coinsurance after deductible",$10,"30% Coinsurance after deductible",$10,"$30 Copay after deductible","30% Coinsurance after deductible","30% Coinsurance after deductible","30% Coinsurance after deductible","30% Coinsurance after deductible","30% Coinsurance after deductible","30% Coinsurance after deductible","30% Coinsurance after deductible",$10,"30% Coinsurance after deductible",$0,$75,"30% Coinsurance after deductible",$300,"30% Coinsurance after deductible","30% Coinsurance after deductible","30% Coinsurance after deductible",,
35057,"UnitedHealthcare Compass HSA Bronze NS INN Pediatric Dental Dep 25",Bronze,1292.79,,,,,4000,8000,6450,13700,No,Yes,"50% Coinsurance after deductible","50% Coinsurance after deductible",$0,"50% Coinsurance after deductible","50% Coinsurance after deductible","50% Coinsurance after deductible","50% Coinsurance after deductible","50% Coinsurance after deductible","50% Coinsurance after deductible","50% Coinsurance after deductible","50% Coinsurance after deductible","$35 Copay after deductible","$70 Copay after deductible",,"$10 Copay after deductible",$0,$0,,"50% Coinsurance after deductible","50% Coinsurance after deductible","50% Coinsurance after deductible","50% Coinsurance after deductible","50% Coinsurance after deductible","50% Coinsurance after deductible","50% Coinsurance after deductible","50% Coinsurance after deductible","50% Coinsurance after deductible","50% Coinsurance after deductible","50% Coinsurance after deductible","50% Coinsurance after deductible","50% Coinsurance after deductible","50% Coinsurance after deductible","50% Coinsurance after deductible","50% Coinsurance after deductible","50% Coinsurance after deductible","50% Coinsurance after deductible",$0,"50% Coinsurance after deductible","50% Coinsurance after deductible","50% Coinsurance after deductible","50% Coinsurance after deductible","50% Coinsurance after deductible","50% Coinsurance after deductible",,
